{
  "properties": {
    "connectionReferences": {
      "shared_gym-5fflight-20deals-5fa9df4155502af9b3": {
        "runtimeSource": "embedded",
        "connection": {
          "connectionReferenceLogicalName": "gym_sharedgym5fflight20deals5fa9df4155502af9b3_64bed"
        },
        "api": {
          "name": "shared_gym-5fflight-20deals-5fe1d4f7ce96532f76",
          "logicalName": "gym_flight-20deals"
        }
      },
      "shared_office365_1": {
        "runtimeSource": "embedded",
        "connection": {
          "connectionReferenceLogicalName": "gym_Office365Outlook"
        },
        "api": {
          "name": "shared_office365"
        }
      }
    },
    "definition": {
      "$schema": "https://schema.management.azure.com/providers/Microsoft.Logic/schemas/2016-06-01/workflowdefinition.json#",
      "contentVersion": "1.0.0.0",
      "parameters": {
        "$connections": {
          "defaultValue": {},
          "type": "Object"
        },
        "$authentication": {
          "defaultValue": {},
          "type": "SecureObject"
        }
      },
      "triggers": {
        "Recurrence": {
          "recurrence": {
            "frequency": "Week",
            "interval": 1,
            "timeZone": "SE Asia Standard Time",
            "startTime": "2022-07-27T06:00:00Z",
            "schedule": {
              "weekDays": [
                "Monday",
                "Wednesday",
                "Friday"
              ],
              "hours": [
                "6"
              ]
            }
          },
          "metadata": {
            "operationMetadataId": "88798eb8-2108-4ed4-b2fd-053f79f4be70"
          },
          "type": "Recurrence"
        }
      },
      "actions": {
        "DestinationCities": {
          "runAfter": {
            "departureCity": [
              "Succeeded"
            ]
          },
          "metadata": {
            "operationMetadataId": "5b373c31-c154-4319-8407-837d8148df36"
          },
          "type": "InitializeVariable",
          "inputs": {
            "variables": [
              {
                "name": "ObjectDestinationCities",
                "type": "array",
                "value": [
                  {
                    "city": "Bogota",
                    "price": 2500,
                    "nights": 10
                  },
                  {
                    "city": "Vientiane",
                    "price": 170,
                    "nights": 4
                  },
                  {
                    "city": "Ulaanbaatar",
                    "price": 600,
                    "nights": 9
                  },
                  {
                    "city": "Tokyo",
                    "price": 320,
                    "nights": 10
                  },
                  {
                    "city": "Colombo",
                    "price": 370,
                    "nights": 5
                  },
                  {
                    "city": "Malé",
                    "price": 470,
                    "nights": 5
                  },
                  {
                    "city": "Jakarta",
                    "price": 280,
                    "nights": 5
                  },
                  {
                    "city": "Manila",
                    "price": 200,
                    "nights": 8
                  },
                  {
                    "city": "Auckland",
                    "price": 1200,
                    "nights": 5
                  },
                  {
                    "city": "Canberra",
                    "price": 1000,
                    "nights": 5
                  },
                  {
                    "city": "Sydney",
                    "price": 500,
                    "nights": 5
                  },
                  {
                    "city": "Kathmandu",
                    "price": 380,
                    "nights": 5
                  }
                ]
              }
            ]
          }
        },
        "Parse_JSON": {
          "runAfter": {
            "arrayFlightData": [
              "Succeeded"
            ]
          },
          "metadata": {
            "operationMetadataId": "596cff7d-ed78-49e8-9736-54cb24cb8803"
          },
          "type": "ParseJson",
          "inputs": {
            "content": "@variables('ObjectDestinationCities')",
            "schema": {
              "type": "array",
              "items": {
                "type": "object",
                "properties": {
                  "city": {
                    "type": "string"
                  },
                  "price": {
                    "type": "integer"
                  },
                  "nights": {
                    "type": "integer"
                  }
                },
                "required": [
                  "city",
                  "price",
                  "nights"
                ]
              }
            }
          },
          "description": "We parse Destination cities to use their values dynamically"
        },
        "Apply_to_each": {
          "foreach": "@body('Parse_JSON')",
          "actions": {
            "Set_variable": {
              "runAfter": {
                "Search_Flights": [
                  "Succeeded"
                ]
              },
              "metadata": {
                "operationMetadataId": "24f6c0a5-2a3c-4216-9c99-9a2064312129"
              },
              "type": "SetVariable",
              "inputs": {
                "name": "arrayflightData",
                "value": "@outputs('Search_Flights')?['body/data']"
              }
            },
            "Condition": {
              "actions": {},
              "runAfter": {
                "Set_variable": [
                  "Succeeded"
                ]
              },
              "else": {
                "actions": {
                  "Apply_to_each_2": {
                    "foreach": "@variables('arrayflightData')",
                    "actions": {
                      "Append_to_string_variable": {
                        "runAfter": {},
                        "metadata": {
                          "operationMetadataId": "0f3b8829-420b-4494-a23c-52eec44b665a"
                        },
                        "type": "AppendToStringVariable",
                        "inputs": {
                          "name": "HTMLDataTable",
                          "value": "  <tr>\n    <td style=\"border:1px solid black;\">@{items('Apply_to_each_2')['cityFrom']}</td>\n    <td style=\"border:1px solid black;\">@{items('Apply_to_each_2')['cityTo']}</td>\n    <td style=\"border:1px solid black;\">@{items('Apply_to_each_2')['airlines'][0]}</td>\n    <td style=\"border:1px solid black;\">@{items('Apply_to_each_2')['route'][0]['local_departure']}</td>\n    <td style=\"border:1px solid black;\">@{items('Apply_to_each_2')['nightsInDest']}</td>\n    <td style=\"border:1px solid black;\">@{items('Apply_to_each_2')['price']}</td>\n    <td><a href=\"@{items('Apply_to_each_2')['deep_link']}\">Link</a></td>\n  </tr>"
                        }
                      }
                    },
                    "runAfter": {},
                    "metadata": {
                      "operationMetadataId": "20a33853-2689-4bad-8447-21455f9837a8"
                    },
                    "type": "Foreach"
                  }
                }
              },
              "expression": {
                "equals": [
                  "@length(variables('arrayflightData'))",
                  0
                ]
              },
              "metadata": {
                "operationMetadataId": "43e07cdc-bacc-48b2-8b30-4feafec00ecf"
              },
              "type": "If"
            },
            "Get_location_code_[Per_type]": {
              "runAfter": {},
              "metadata": {
                "operationMetadataId": "b6d6b09c-0a66-4dfb-acbd-31e37bd06610"
              },
              "type": "OpenApiConnection",
              "inputs": {
                "host": {
                  "connectionName": "shared_gym-5fflight-20deals-5fa9df4155502af9b3",
                  "operationId": "LocationSearchID",
                  "apiId": "/providers/Microsoft.PowerApps/apis/shared_gym-5fflight-20deals-5fe1d4f7ce96532f76"
                },
                "parameters": {
                  "location_types": "city",
                  "term": "@items('Apply_to_each')['city']",
                  "locale": "en-US",
                  "limit": 1
                },
                "authentication": "@parameters('$authentication')"
              }
            },
            "Search_Flights": {
              "runAfter": {
                "Get_location_code_[Per_type]": [
                  "Succeeded"
                ]
              },
              "metadata": {
                "operationMetadataId": "327cf051-f440-4f61-b1f4-65f6bea22eba"
              },
              "type": "OpenApiConnection",
              "inputs": {
                "host": {
                  "connectionName": "shared_gym-5fflight-20deals-5fa9df4155502af9b3",
                  "operationId": "SearchID",
                  "apiId": "/providers/Microsoft.PowerApps/apis/shared_gym-5fflight-20deals-5fe1d4f7ce96532f76"
                },
                "parameters": {
                  "fly_from": "@variables('departureCity')",
                  "fly_to": "@outputs('Get_location_code_[Per_type]')?['body/locations'][0]['code']",
                  "date_from": "@formatDateTime(utcNow(),'dd/MM/yyyy')",
                  "date_to": "@addDays(utcNow(),90,'dd/MM/yyyy')",
                  "nights_in_dst_from": "@items('Apply_to_each')['nights']",
                  "nights_in_dst_to": "@add(items('Apply_to_each')['nights'], 1)",
                  "ret_from_diff_city": false,
                  "ret_to_diff_city": false,
                  "adults": 1,
                  "selected_cabins": "M",
                  "only_working_days": false,
                  "only_weekends": false,
                  "one_for_city": 0,
                  "one_per_date": 0,
                  "partner_market": "us",
                  "price_to": "@items('Apply_to_each')['price']",
                  "curr": "USD",
                  "max_stopovers": 3,
                  "vehicle_type": "aircraft",
                  "sort": "price",
                  "limit": 20
                },
                "authentication": "@parameters('$authentication')"
              }
            }
          },
          "runAfter": {
            "Parse_JSON": [
              "Succeeded"
            ]
          },
          "metadata": {
            "operationMetadataId": "d33bde68-38c9-4e89-8846-4c6a2360046d"
          },
          "type": "Foreach"
        },
        "Append_to_string_variable_2": {
          "runAfter": {
            "Apply_to_each": [
              "Succeeded"
            ]
          },
          "metadata": {
            "operationMetadataId": "1210b8e9-772d-4277-8e7b-d1e314109569"
          },
          "type": "AppendToStringVariable",
          "inputs": {
            "name": "HTMLDataTable",
            "value": "   </table>"
          }
        },
        "departureCity": {
          "runAfter": {},
          "metadata": {
            "operationMetadataId": "b14750d9-562f-40a1-83fb-18d41d2cc475"
          },
          "type": "InitializeVariable",
          "inputs": {
            "variables": [
              {
                "name": "departureCity",
                "type": "string",
                "value": "HAN"
              }
            ]
          }
        },
        "arrayFlightData": {
          "runAfter": {
            "HTMLDataTable": [
              "Succeeded"
            ]
          },
          "metadata": {
            "operationMetadataId": "0aa09fa4-f256-4ce5-a97a-3d002a3a37c5"
          },
          "type": "InitializeVariable",
          "inputs": {
            "variables": [
              {
                "name": "arrayflightData",
                "type": "array"
              }
            ]
          }
        },
        "HTMLDataTable": {
          "runAfter": {
            "DestinationCities": [
              "Succeeded"
            ]
          },
          "metadata": {
            "operationMetadataId": "8d46aa1b-413e-4808-bd7a-3b9534472fd5"
          },
          "type": "InitializeVariable",
          "inputs": {
            "variables": [
              {
                "name": "HTMLDataTable",
                "type": "string",
                "value": "<table style=\"border:1px solid black;border-collapse:collapse;\">\n      <tr>\n         <th style=\"border:1px solid black;\">From</th>\n         <th style=\"border:1px solid black;\">To</th>\n         <th style=\"border:1px solid black;\">Airline</th>\n         <th style=\"border:1px solid black;\">Departure</th>\n         <th style=\"border:1px solid black;\">Nights</th>\n         <th style=\"border:1px solid black;\">Fare</th>\n         <th style=\"border:1px solid black;\">Link</th>\n      </tr>"
              }
            ]
          }
        },
        "Send_an_email_(V2)": {
          "runAfter": {
            "Append_to_string_variable_2": [
              "Succeeded"
            ]
          },
          "metadata": {
            "operationMetadataId": "c282f03d-8438-4f1a-b602-3e234d444d67"
          },
          "type": "OpenApiConnection",
          "inputs": {
            "host": {
              "connectionName": "shared_office365_1",
              "operationId": "SendEmailV2",
              "apiId": "/providers/Microsoft.PowerApps/apis/shared_office365"
            },
            "parameters": {
              "emailMessage/To": "admin@CRM364245.onmicrosoft.com",
              "emailMessage/Subject": "New Flight Deals! ",
              "emailMessage/Body": "<p>@{variables('HTMLDataTable')}</p>"
            },
            "authentication": "@parameters('$authentication')"
          }
        }
      }
    },
    "templateName": ""
  },
  "schemaVersion": "1.0.0.0"
}