<ImportExportXml xmlns:xsi="http://www.w3.org/2001/XMLSchema-instance">
  <Entities></Entities>
  <Roles></Roles>
  <Workflows></Workflows>
  <FieldSecurityProfiles></FieldSecurityProfiles>
  <Templates />
  <EntityMaps />
  <EntityRelationships />
  <OrganizationSettings />
  <optionsets />
  <CustomControls />
  <EntityDataProviders />
  <Connectors>
    <Connector>
      <connectorid>2e13a366-be2a-456a-aded-407b7e77722e</connectorid>
      <description>This is a custom connector for searching Flight deals via https://tequila.kiwi.com/portal/docs/tequila_api</description>
      <displayname>Flight Deals</displayname>
      <iconbrandcolor>#007ee5</iconbrandcolor>
      <name>gym_flight-20deals</name>
      <connectortype>1</connectortype>
      <openapidefinition>/Connector/gym_flight-20deals_openapidefinition.json</openapidefinition>
      <connectionparameters>/Connector/gym_flight-20deals_connectionparameters.json</connectionparameters>
      <policytemplateinstances>/Connector/gym_flight-20deals_policytemplateinstances.json</policytemplateinstances>
      <iconblob>/Connector/gym_flight-20deals_iconblob.Png</iconblob>
    </Connector>
  </Connectors>
  <Languages>
    <Language>1033</Language>
  </Languages>
</ImportExportXml>