{"swagger":"2.0","info":{"title":"Flight Deals","description":"This is a custom connector for searching Flight deals via https://tequila.kiwi.com/portal/docs/tequila_api","version":"1.0"},"host":"tequila-api.kiwi.com","basePath":"/","schemes":["https"],"consumes":[],"produces":[],"paths":{"/":{},"/v2/search":{"get":{"responses":{"default":{"description":"default","schema":{"type":"object","properties":{"search_id":{"type":"string","description":"search_id"},"time":{"type":"integer","format":"int32","description":"time"},"currency":{"type":"string","description":"currency"},"fx_rate":{"type":"number","format":"float","description":"fx_rate"},"data":{"type":"array","items":{"type":"object","properties":{"id":{"type":"string","description":"id"},"flyFrom":{"type":"string","description":"flyFrom"},"flyTo":{"type":"string","description":"flyTo"},"cityFrom":{"type":"string","description":"cityFrom"},"cityCodeFrom":{"type":"string","description":"cityCodeFrom"},"cityTo":{"type":"string","description":"cityTo"},"cityCodeTo":{"type":"string","description":"cityCodeTo"},"countryFrom":{"type":"object","properties":{"code":{"type":"string","description":"code"},"name":{"type":"string","description":"name"}},"description":"countryFrom"},"countryTo":{"type":"object","properties":{"code":{"type":"string","description":"code"},"name":{"type":"string","description":"name"}},"description":"countryTo"},"type_flights":{"type":"array","items":{"type":"string"},"description":"type_flights"},"nightsInDest":{"type":"integer","format":"int32","description":"nightsInDest"},"quality":{"type":"number","format":"float","description":"quality"},"distance":{"type":"number","format":"float","description":"distance"},"duration":{"type":"object","properties":{"departure":{"type":"integer","format":"int32","description":"departure"},"return":{"type":"integer","format":"int32","description":"return"},"total":{"type":"integer","format":"int32","description":"total"}},"description":"duration"},"conversion":{"type":"object","properties":{"EUR":{"type":"number","format":"float","description":"EUR"},"VND":{"type":"number","format":"float","description":"VND"}},"description":"conversion"},"fare":{"type":"object","properties":{"adults":{"type":"number","format":"float","description":"adults"},"children":{"type":"number","format":"float","description":"children"},"infants":{"type":"number","format":"float","description":"infants"}},"description":"fare"},"bags_price":{"type":"object","properties":{"1":{"type":"number","format":"float","description":"bagPrice","title":"singleBagPrices"}},"description":"bags_price"},"baglimit":{"type":"object","properties":{"hand_height":{"type":"integer","format":"int32","description":"hand_height"},"hand_length":{"type":"integer","format":"int32","description":"hand_length"},"hand_weight":{"type":"integer","format":"int32","description":"hand_weight"},"hand_width":{"type":"integer","format":"int32","description":"hand_width"},"hold_dimensions_sum":{"type":"integer","format":"int32","description":"hold_dimensions_sum"},"hold_height":{"type":"integer","format":"int32","description":"hold_height"},"hold_length":{"type":"integer","format":"int32","description":"hold_length"},"hold_weight":{"type":"integer","format":"int32","description":"hold_weight"},"hold_width":{"type":"integer","format":"int32","description":"hold_width"}},"description":"baglimit"},"availability":{"type":"object","properties":{"seats":{"type":"integer","format":"int32","description":"seats"}},"description":"availability"},"routes":{"type":"array","items":{"type":"array","items":{"type":"string"}},"description":"routes"},"airlines":{"type":"array","items":{"type":"string"},"description":"airlines"},"route":{"type":"array","items":{"type":"object","properties":{"id":{"type":"string","description":"id"},"combination_id":{"type":"string","description":"combination_id"},"flyFrom":{"type":"string","description":"flyFrom"},"flyTo":{"type":"string","description":"flyTo"},"cityFrom":{"type":"string","description":"cityFrom"},"cityCodeFrom":{"type":"string","description":"cityCodeFrom"},"cityTo":{"type":"string","description":"cityTo"},"cityCodeTo":{"type":"string","description":"cityCodeTo"},"airline":{"type":"string","description":"airline"},"flight_no":{"type":"integer","format":"int32","description":"flight_no"},"operating_carrier":{"type":"string","description":"operating_carrier"},"operating_flight_no":{"type":"string","description":"operating_flight_no"},"fare_basis":{"type":"string","description":"fare_basis"},"fare_category":{"type":"string","description":"fare_category"},"fare_classes":{"type":"string","description":"fare_classes"},"fare_family":{"type":"string","description":"fare_family"},"return":{"type":"integer","format":"int32","description":"return"},"bags_recheck_required":{"type":"boolean","description":"bags_recheck_required"},"vi_connection":{"type":"boolean","description":"vi_connection"},"guarantee":{"type":"boolean","description":"guarantee"},"last_seen":{"type":"string","description":"last_seen"},"refresh_timestamp":{"type":"string","description":"refresh_timestamp"},"equipment":{"type":"string","description":"equipment"},"vehicle_type":{"type":"string","description":"vehicle_type"},"local_arrival":{"type":"string","description":"local_arrival"},"utc_arrival":{"type":"string","description":"utc_arrival"},"local_departure":{"type":"string","description":"local_departure"},"utc_departure":{"type":"string","description":"utc_departure"}}},"description":"route"},"booking_token":{"type":"string","description":"booking_token"},"deep_link":{"type":"string","description":"deep_link"},"facilitated_booking_available":{"type":"boolean","description":"facilitated_booking_available"},"pnr_count":{"type":"integer","format":"int32","description":"pnr_count"},"has_airport_change":{"type":"boolean","description":"has_airport_change"},"technical_stops":{"type":"integer","format":"int32","description":"technical_stops"},"throw_away_ticketing":{"type":"boolean","description":"throw_away_ticketing"},"hidden_city_ticketing":{"type":"boolean","description":"hidden_city_ticketing"},"virtual_interlining":{"type":"boolean","description":"virtual_interlining"},"transfers":{"type":"array","items":{},"description":"transfers"},"local_arrival":{"type":"string","description":"local_arrival"},"utc_arrival":{"type":"string","description":"utc_arrival"},"local_departure":{"type":"string","description":"local_departure"},"utc_departure":{"type":"string","description":"utc_departure"}}},"description":"data"},"_results":{"type":"integer","format":"int32","description":"_results"},"search_params":{"type":"object","properties":{"flyFrom_type":{"type":"string","description":"flyFrom_type"},"to_type":{"type":"string","description":"to_type"},"seats":{"type":"object","properties":{"passengers":{"type":"integer","format":"int32","description":"passengers"},"adults":{"type":"integer","format":"int32","description":"adults"},"children":{"type":"integer","format":"int32","description":"children"},"infants":{"type":"integer","format":"int32","description":"infants"}},"description":"seats"}},"description":"search_params"},"all_airlines":{"type":"array","items":{"description":"All airlines used in this search","title":"all_airlines","type":"string"},"description":"all_airlines"},"all_stopover_airports":{"type":"array","items":{"description":"List of all airports we stop at","title":"all_stopover_airports","type":"string"},"description":"all_stopover_airports"},"price":{"type":"number","format":"float","description":"Price"},"del":{"type":"integer","format":"int32","description":"del"},"currency_rate":{"type":"number","format":"float","description":"currency_rate"},"connections":{"type":"array","items":{"description":"Connections between flights","title":"connections","type":"string"},"description":"connections"},"refresh":{"type":"array","items":{"description":"Refresh details.","title":"refresh","type":"string"},"description":"refresh"},"ref_tasks":{"type":"array","items":{"description":"Reference tasks","title":"ref_tasks","type":"string"},"description":"ref_tasks"},"sort_version":{"type":"integer","format":"int32","description":"sort_version"}}}}},"summary":"Search Flights","description":"This operation searches for multiple Flights based on the parameters provided","operationId":"SearchID","parameters":[{"name":"fly_from","in":"query","required":true,"type":"string","default":"HAN","description":"Departure location. Accepts multiple comma-separated values (airport codes, city IDs, two letter country codes, etc.)","x-ms-summary":"From (Location)","x-ms-visibility":"important"},{"name":"fly_to","in":"query","required":true,"type":"string","default":"SGN","description":"Arrival destination. Accepts the same values as the 'fly_from' parameter.","x-ms-summary":"To (Location)","x-ms-visibility":"important"},{"name":"date_from","in":"query","required":true,"type":"string","description":"Search flights from this date (dd/mm/yyyy).","x-ms-summary":"From (Date)","x-ms-visibility":"important"},{"name":"date_to","in":"query","required":true,"type":"string","description":"Search flights up to this date. Use date_from and this as a date range for the flight departure.","x-ms-summary":"To (Date)"},{"name":"return_from","in":"query","required":false,"type":"string","description":"Min return date of the whole trip (dd/mm/yyyy)","x-ms-summary":"Return from"},{"name":"return_to","in":"query","required":false,"type":"string","description":"Max return date of the whole trip (dd/mm/yyyy)","x-ms-summary":"Return to"},{"name":"nights_in_dst_from","in":"query","required":false,"type":"integer","description":"The minimal length of stay in the destination given in the fly_to parameter.","x-ms-summary":"Nights in destination (From)","x-ms-visibility":"advanced","default":3},{"name":"nights_in_dst_to","in":"query","required":false,"type":"integer","description":"The maximal length of stay in the destination given in the fly_to parameter.","x-ms-summary":"Night in destination (To)","x-ms-visibility":"advanced","default":6},{"name":"ret_from_diff_city","in":"query","required":false,"type":"boolean","default":false,"x-ms-visibility":"advanced","description":"Search for flights leaving from a different city than initial destination.","x-ms-summary":"Return from different city","enum":[true,false]},{"name":"ret_to_diff_city","in":"query","required":false,"type":"boolean","default":false,"x-ms-visibility":"advanced","description":"Search for flights returning to a different city from departure's.","x-ms-summary":"Return to different city","enum":[true,false]},{"name":"max_fly_duration","in":"query","required":false,"type":"integer","description":"Max flight duration in hours, min value 0","x-ms-summary":"Max flight duration","x-ms-visibility":"advanced"},{"name":"adults","in":"query","required":false,"type":"integer","default":1,"description":"The number of adults","x-ms-summary":"Adults","x-ms-visibility":"advanced"},{"name":"selected_cabins","in":"query","required":false,"type":"string","default":"M","description":"Cabins can be: M (economy), W (economy premium), C (business), or F (first class).","x-ms-summary":"What cabin","x-ms-visibility":"advanced","enum":["M","W","C","F"]},{"name":"only_working_days","in":"query","required":false,"type":"boolean","default":false,"description":"Search flights with departure only on working days.","x-ms-summary":"Working days only","x-ms-visibility":"advanced","enum":[true,false]},{"name":"only_weekends","in":"query","required":false,"type":"boolean","default":false,"x-ms-visibility":"advanced","description":"Search flights with departure only on weekends.","x-ms-summary":"Weekends only","enum":[true,false]},{"name":"one_for_city","in":"query","required":false,"type":"integer","default":0,"x-ms-visibility":"advanced","description":"Returns cheapest [Number of] flights to every city in 'fly to'. Works only on one-way requests.","x-ms-summary":"Cheapest flights per city"},{"name":"one_per_date","in":"query","required":false,"type":"integer","default":0,"x-ms-visibility":"advanced","description":"Returns cheapest [Number of] flights for each date in the range defined by date_from and date_to. Works only on one-way requests.","x-ms-summary":"Cheapest flights per date"},{"name":"partner_market","in":"query","required":false,"type":"string","default":"us","description":"The market of a particular country from which the request originates. Use ISO 3166-1 alpha-2 to fill in the value.","x-ms-summary":"partner_market","x-ms-visibility":"advanced"},{"name":"price_from","in":"query","required":false,"type":"integer","description":"result filter, minimal price","x-ms-summary":"Minimal price","x-ms-visibility":"advanced"},{"name":"price_to","in":"query","required":false,"type":"integer","description":"Result filter, maximal price.","x-ms-summary":"Maximal price","x-ms-visibility":"advanced"},{"name":"curr","in":"query","required":false,"type":"string","default":"VND","description":"Use this parameter to change the currency in the response.","x-ms-summary":"Currency for price","x-ms-visibility":"advanced"},{"name":"max_stopovers","in":"query","required":false,"type":"integer","default":0,"description":"Max number of stopovers per itinerary. Use 'max_stopovers=0' for direct flights only.","x-ms-summary":"Max Stopover","x-ms-visibility":"advanced"},{"name":"max_sector_stopovers","in":"query","required":false,"type":"integer","description":"Max number of stopovers per itinerary's sector.","x-ms-summary":"Max sector stopovers","x-ms-visibility":"advanced"},{"name":"vehicle_type","in":"query","required":false,"type":"string","default":"aircraft","description":"The options are aircraft (default), bus, train.","x-ms-summary":"Vehicle type","x-ms-visibility":"advanced"},{"name":"sort","in":"query","required":false,"type":"string","default":"price","x-ms-summary":"Sort results","x-ms-visibility":"advanced","description":"sorts the results by quality, price [Default], date or duration.","enum":["price","quality","date","duration"]},{"name":"limit","in":"query","required":false,"type":"integer","default":10,"description":"limit number of results; the default value is 200; max is up to the partner (500 or 1000)","x-ms-summary":"Limit results","x-ms-visibility":"advanced"},{"name":"ContentType","in":"header","required":false,"type":"string","x-ms-visibility":"internal"}]}},"/locations/query":{"get":{"responses":{"default":{"description":"default","schema":{"type":"object","properties":{"locations":{"type":"array","items":{"type":"object","properties":{"id":{"type":"string","description":"id"},"active":{"type":"boolean","description":"active"},"name":{"type":"string","description":"name"},"slug":{"type":"string","description":"slug"},"slug_en":{"type":"string","description":"slug_en"},"code":{"type":"string","description":"code"},"alternative_names":{"type":"array","items":{},"description":"alternative_names"},"rank":{"type":"integer","format":"int32","description":"rank"},"global_rank_dst":{"type":"integer","format":"int32","description":"global_rank_dst"},"dst_popularity_score":{"type":"number","format":"float","description":"dst_popularity_score","title":""},"timezone":{"type":"string","description":"timezone"},"population":{"type":"integer","format":"int32","description":"population"},"airports":{"type":"integer","format":"int32","description":"airports"},"stations":{"type":"integer","format":"int32","description":"stations"},"hotels":{"type":"integer","format":"int32","description":"hotels"},"bus_stations":{"type":"integer","format":"int32","description":"bus_stations"},"subdivision":{"type":"object","description":"subdivision"},"autonomous_territory":{"type":"string","description":"autonomous_territory"},"country":{"type":"object","properties":{"id":{"type":"string","description":"id"},"name":{"type":"string","description":"name"},"slug":{"type":"string","description":"slug"},"code":{"type":"string","description":"code"}},"description":"country"},"region":{"type":"object","properties":{"id":{"type":"string","description":"id"},"name":{"type":"string","description":"name"},"slug":{"type":"string","description":"slug"}},"description":"region"},"continent":{"type":"object","properties":{"id":{"type":"string","description":"id"},"name":{"type":"string","description":"name"},"slug":{"type":"string","description":"slug"},"code":{"type":"string","description":"code"}},"description":"continent"},"nearby_country":{"type":"string","description":"nearby_country"},"location":{"type":"object","properties":{"lat":{"type":"number","format":"float","description":"lat"},"lon":{"type":"number","format":"float","description":"lon"}},"description":"location"},"tags":{"type":"array","items":{"type":"object","properties":{"tag":{"type":"string","description":"tag"},"month_to":{"type":"integer","format":"int32","description":"month_to"},"month_from":{"type":"integer","format":"int32","description":"month_from"}}},"description":"tags"},"alternative_departure_points":{"type":"array","items":{"type":"object","properties":{"id":{"type":"string","description":"id"},"distance":{"type":"number","format":"float","description":"distance"},"duration":{"type":"number","format":"float","description":"duration"}}},"description":"alternative_departure_points"},"providers":{"type":"array","items":{"type":"integer","format":"int32"},"description":"providers"},"car_rentals":{"type":"array","items":{},"description":"car_rentals"},"type":{"type":"string","description":"type"}}},"description":"locations"},"meta":{"type":"object","properties":{"locale":{"type":"object","properties":{"code":{"type":"string","description":"code"},"status":{"type":"string","description":"status"}},"description":"locale"}},"description":"meta"},"last_refresh":{"type":"integer","format":"int32","description":"last_refresh"},"results_retrieved":{"type":"integer","format":"int32","description":"results_retrieved"}}}}},"summary":"Get location code [Per type]","description":"Input the city name","operationId":"LocationSearchID","parameters":[{"name":"location_types","in":"query","required":true,"type":"string","default":"city","x-ms-summary":"Location Type","description":"Desired location output [Station, City, Country, Region, etc.]","enum":["city","country","region","continent","station","airport","bus_station","autonomous_territory","subdivision"]},{"name":"term","in":"query","required":true,"type":"string","default":"Hanoi","description":"The location to search IATA code for","x-ms-summary":"Location"},{"name":"locale","in":"query","required":false,"type":"string","description":"This is the language of the results","default":"en-US","x-ms-summary":"Locale"},{"name":"limit","in":"query","required":false,"type":"integer","default":1,"description":"Number of results in the output.","x-ms-summary":"Result limit"},{"name":"Content-Type","in":"header","required":false,"type":"string","x-ms-visibility":"internal"}]}}},"definitions":{},"parameters":{},"responses":{},"securityDefinitions":{"API Key":{"type":"apiKey","in":"header","name":"apikey"}},"security":[{"API Key":[]}],"tags":[]}